{
  "MAINHAND": {
    "minecraft:iron_axe": 600,
    "minecraft:iron_sword": 775,
    "minecraft:wooden_axe": 676,
    "minecraft:wooden_sword": 831,
    "zombie_extreme:bat": 775,
    "zombie_extreme:butcher_knife": 775,
    "zombie_extreme:cleaver": 804,
    "zombie_extreme:copper_axe": 639,
    "zombie_extreme:crowbar": 744,
    "zombie_extreme:golfclub": 775,
    "zombie_extreme:knife": 804,
    "zombie_extreme:knifesilicon": 804,
    "zombie_extreme:pipe": 804,
    "zombie_extreme:policebaton": 804
  },
  "OFFHAND": {},
  "FEET": {
    "minecraft:chainmail_boots": 844,
    "minecraft:golden_boots": 900,
    "minecraft:iron_boots": 839,
    "minecraft:leather_boots": 932
  },
  "LEGS": {
    "minecraft:chainmail_leggings": 844,
    "minecraft:golden_leggings": 900,
    "minecraft:iron_leggings": 839,
    "minecraft:leather_leggings": 932
  },
  "CHEST": {
    "minecraft:chainmail_chestplate": 844,
    "minecraft:golden_chestplate": 900,
    "minecraft:iron_chestplate": 839,
    "minecraft:leather_chestplate": 932
  },
  "HEAD": {
    "minecraft:chainmail_helmet": 844,
    "minecraft:golden_helmet": 900,
    "minecraft:iron_helmet": 839,
    "minecraft:leather_helmet": 932
  }
}